{"cameraMode":{"drawMode":0,"name":"Shaded","section":"Shading Mode"},"sceneLighting":true,"audioPlay":false,"sceneViewState":{"m_AlwaysRefresh":false,"showFog":true,"showSkybox":true,"showFlares":true,"showImageEffects":true,"showParticleSystems":true,"showVisualEffectGraphs":true,"m_FxEnabled":true},"in2DMode":false,"pivot":{"x":0.13914033770561219,"y":1.5067764520645142,"z":-3.446972131729126},"rotation":{"x":-0.11049702763557434,"y":0.07000809907913208,"z":0.007802972570061684,"w":0.9913768768310547},"size":1.7218644618988038,"orthographic":false}